<?xml version="1.0" encoding="UTF-8"?>
<project-private xmlns="http://www.netbeans.org/ns/project-private/1">
    <editor-bookmarks xmlns="http://www.netbeans.org/ns/editor-bookmarks/2" lastBookmarkId="0"/>
    <open-files xmlns="http://www.netbeans.org/ns/projectui-open-files/2">
        <group>
            <file>file:/C:/Users/MIDUN/Documents/NetBeansProjects/staffprofile/web/success1.html</file>
            <file>file:/C:/Users/MIDUN/Documents/NetBeansProjects/staffprofile/web/profile.jsp</file>
            <file>file:/C:/Users/MIDUN/Documents/NetBeansProjects/staffprofile/web/over.html</file>
            <file>file:/C:/Users/MIDUN/Documents/NetBeansProjects/staffprofile/web/style3.css</file>
        </group>
    </open-files>
</project-private>
